,baseline_src,silver_src,gold_src,gt_src,baseline_tgt,silver_tgt,gold_tgt,gt_tgt
rouge,0.24845600230875903,0.24476305233504603,0.24787869235649201,0.272573515276996,0.336421166193382,0.308043534398144,0.30982879138769603,0.344662187795689
wer,1.134980988593155,1.4662181924539341,1.484644632933606,1.517548990933021,1.7813688212927752,1.79467680608365,1.704445744369698,2.057034220532319
bleu,6.436057483074542,5.970089658715537,5.65468662533363,6.976289497307799,11.784258122062287,8.658530980070237,8.174576650325625,9.167362304227998
bertscore-f1,0.69786693989476,0.684253131287007,0.684757796571224,0.6918506990505171,0.7130174123788181,0.6990300241904921,0.700616827795777,0.708590109891529
bertscore-recall,0.69987391173085,0.6978431937060771,0.697118514549883,0.7027908094321621,0.7413842140873771,0.719199158270147,0.721287032320529,0.739002328884752
bertscore-precision,0.696720151282564,0.6730618632292441,0.6746761592128601,0.682920704687697,0.688547417860996,0.6820933359333231,0.6834814126732981,0.6830319238614431
chrf,28.236601495242887,29.461256927509744,30.012720726131874,30.981289446374838,39.69402511707856,34.30440671237703,33.9917452430594,37.40674042025585
